Workbook

Sheet PLANILLA_CONTROL
A1: PLANILLA DE CONTROL: COPA CHEO HERNANDEZ PRISCO | Z1: {=_xlfn._xlws.SORT(A4:A100)} -> #NAME?
A2: NOMINA DE COLEADORES, EQUINOS, ESTADOS Y TURNOS | Z2: #NAME?
A3: COLEADOR | B3: NUMERO | C3: EQUINO | D3: ESTADOS | E3: TURNOS | Z3: #NAME?
A4: Adonis Martin Perez Aguilar | B4: 1 | C4: LX Junior | Z4: #NAME?
A5: Alejandro Jose Rodriguez Tasca | B5: 2 | C5: All Star | Z5: #NAME?
A6: Angel Jose Guillen Ochoa | B6: 3 | C6: Coyote | Z6: #NAME?
A7: Angel Manuel Vincallia Ibarra | B7: 4 | C7: Karol G | Z7: #NAME?
A8: Angelo Antonio Mendoza Delgado | B8: 5 | C8: Chilandrina | Z8: #NAME?
A9: Antony Jose Claro Barrios | B9: 6 | C9: Cedral | Z9: #NAME?
A10: Aquiles Armando Fracassi Moreno | B10: 7 | C10: Andrea Victoria | Z10: #NAME?
A11: Arnaldo Andres Tabares Bohórquez | B11: 8 | C11: Atractivo King | Z11: #NAME?
A12: Balmore Jose Mendoza Lopez | B12: 9 | C12: Sicario Cat | Z12: #NAME?
A13: Baudilio Arturo Lopez Benitez | B13: 10 | C13: Cat Rojo | Z13: #NAME?
A14: Beiker Alberto Mejias Theresa | B14: 11 | C14: Gladiador | Z14: #NAME?
A15: Carlos Daniel Ramirez Vivas | B15: 12 | C15: Portuguesa RBB | Z15: #NAME?
... A97: Wilmer Rafael Sandoval Castillo | B97: 94 | C97: Mandela | Z97: #NAME?
A98: Wilson Enrique Llovera Salamanca | B98: 95 | C98: Talisman
A99: Wilver Jose Sandoval Castillo | B99: 96 | C99: Goyita
A100: Yeison Javier Gutierrez Briceño | B100: 97 | C100: Nueva Vida Gun
A101: Yendison Jesús Burgos Zambrano | B101: 98 | C101: Tempestad
A102: Yonfran Rafael Soto Gomez | B102: 99 | C102: Gallo Zambo GC
A103: Yorman Alejandro Arcila Dominguez | B103: 100 | C103: Victoria

Sheet CUADROS_PARLAY
A1: CUADROS PARLAY Y COMPETIDORES
A2: USUARIO | B2: CUADRO # | C2: PICK1 | D2: PICK2 | E2: PICK3 | F2: PICK4 | G2: CE | H2: CN | I2: SP | J2: SERIAL
B3: 1 | C3: Manuel Roberto Zamora Rivas | D3: Jose Nazaret Gerrin Cedeño | E3: Beiker Alberto Mejias Theresa | F3: Juan Fernando Bordones Molina | G3: =VLOOKUP(C3,RESULTADOS_PARLAY!$B:$E,2,0)+VLOOKUP(D3,RESULTADOS_PARLAY!$B:$E,2,0)+VLOOKUP(E3,RESULTADOS_PARLAY!$B:$E,2,0)+VLOOKUP(F3,RESULTADOS_PARLAY!$B:$E,2,0) -> 13 | H3: =VLOOKUP(C3,RESULTADOS_PARLAY!$B:$E,3,0) + VLOOKUP(D3,RESULTADOS_PARLAY!$B:$E,3,0) + VLOOKUP(E3,RESULTADOS_PARLAY!$B:$E,3,0) + VLOOKUP(F3,RESULTADOS_PARLAY!$B:$E,3,0) -> 3 | I3: =VLOOKUP(C3,RESULTADOS_PARLAY!$B:$E,4,0) + VLOOKUP(D3,RESULTADOS_PARLAY!$B:$E,4,0) + VLOOKUP(E3,RESULTADOS_PARLAY!$B:$E,4,0) + VLOOKUP(F3,RESULTADOS_PARLAY!$B:$E,4,0) -> 1 | J3: =IF(K3="", "", SMALL(K3:N3,1)&"-"&SMALL(K3:N3,2)&"-"&SMALL(K3:N3,3)&"-"&SMALL(K3:N3,4)) -> 11-51-55-76 | K3: =IFERROR(VLOOKUP(C3, PLANILLA_CONTROL!$A$4:$C$103, 2, 0), "NO EXISTE") -> 76 | L3: =IFERROR(VLOOKUP(D3, PLANILLA_CONTROL!$A$4:$C$103, 2, 0), "NO EXISTE") -> 51 | M3: =IFERROR(VLOOKUP(E3, PLANILLA_CONTROL!$A$4:$C$103, 2, 0), "NO EXISTE") -> 11 | N3: =IFERROR(VLOOKUP(F3, PLANILLA_CONTROL!$A$4:$C$103, 2, 0), "NO EXISTE") -> 55
B4: 2 | C4: Jose Nazaret Gerrin Cedeño | D4: Manuel Roberto Zamora Rivas | E4: Juan Fernando Bordones Molina | F4: Beiker Alberto Mejias Theresa | G4: =VLOOKUP(C4,RESULTADOS_PARLAY!$B:$E,2,0)+VLOOKUP(D4,RESULTADOS_PARLAY!$B:$E,2,0)+VLOOKUP(E4,RESULTADOS_PARLAY!$B:$E,2,0)+VLOOKUP(F4,RESULTADOS_PARLAY!$B:$E,2,0) -> 13 | H4: =VLOOKUP(C4,RESULTADOS_PARLAY!$B:$E,3,0) + VLOOKUP(D4,RESULTADOS_PARLAY!$B:$E,3,0) + VLOOKUP(E4,RESULTADOS_PARLAY!$B:$E,3,0) + VLOOKUP(F4,RESULTADOS_PARLAY!$B:$E,3,0) -> 3 | I4: =VLOOKUP(C4,RESULTADOS_PARLAY!$B:$E,4,0) + VLOOKUP(D4,RESULTADOS_PARLAY!$B:$E,4,0) + VLOOKUP(E4,RESULTADOS_PARLAY!$B:$E,4,0) + VLOOKUP(F4,RESULTADOS_PARLAY!$B:$E,4,0) -> 1 | J4: =IF(K4="", "", SMALL(K4:N4,1)&"-"&SMALL(K4:N4,2)&"-"&SMALL(K4:N4,3)&"-"&SMALL(K4:N4,4)) -> 11-51-55-76 | K4: =IFERROR(VLOOKUP(C4, PLANILLA_CONTROL!$A$4:$C$103, 2, 0), "NO EXISTE") -> 51 | L4: =IFERROR(VLOOKUP(D4, PLANILLA_CONTROL!$A$4:$C$103, 2, 0), "NO EXISTE") -> 76 | M4: =IFERROR(VLOOKUP(E4, PLANILLA_CONTROL!$A$4:$C$103, 2, 0), "NO EXISTE") -> 55 | N4: =IFERROR(VLOOKUP(F4, PLANILLA_CONTROL!$A$4:$C$103, 2, 0), "NO EXISTE") -> 11
B5: 3 | G5: =VLOOKUP(C5,RESULTADOS_PARLAY!$B:$E,2,0)+VLOOKUP(D5,RESULTADOS_PARLAY!$B:$E,2,0)+VLOOKUP(E5,RESULTADOS_PARLAY!$B:$E,2,0)+VLOOKUP(F5,RESULTADOS_PARLAY!$B:$E,2,0) -> #N/A | H5: =VLOOKUP(C5,RESULTADOS_PARLAY!$B:$E,3,0) + VLOOKUP(D5,RESULTADOS_PARLAY!$B:$E,3,0) + VLOOKUP(E5,RESULTADOS_PARLAY!$B:$E,3,0) + VLOOKUP(F5,RESULTADOS_PARLAY!$B:$E,3,0) -> #N/A | I5: =VLOOKUP(C5,RESULTADOS_PARLAY!$B:$E,4,0) + VLOOKUP(D5,RESULTADOS_PARLAY!$B:$E,4,0) + VLOOKUP(E5,RESULTADOS_PARLAY!$B:$E,4,0) + VLOOKUP(F5,RESULTADOS_PARLAY!$B:$E,4,0) -> #N/A | J5: =IF(K5="", "", SMALL(K5:N5,1)&"-"&SMALL(K5:N5,2)&"-"&SMALL(K5:N5,3)&"-"&SMALL(K5:N5,4)) -> #NUM! | K5: =IFERROR(VLOOKUP(C5, PLANILLA_CONTROL!$A$4:$C$103, 2, 0), "NO EXISTE") -> NO EXISTE | L5: =IFERROR(VLOOKUP(D5, PLANILLA_CONTROL!$A$4:$C$103, 2, 0), "NO EXISTE") -> NO EXISTE | M5: =IFERROR(VLOOKUP(E5, PLANILLA_CONTROL!$A$4:$C$103, 2, 0), "NO EXISTE") -> NO EXISTE | N5: =IFERROR(VLOOKUP(F5, PLANILLA_CONTROL!$A$4:$C$103, 2, 0), "NO EXISTE") -> NO EXISTE
B6: 4 | G6: =VLOOKUP(C6,RESULTADOS_PARLAY!$B:$E,2,0)+VLOOKUP(D6,RESULTADOS_PARLAY!$B:$E,2,0)+VLOOKUP(E6,RESULTADOS_PARLAY!$B:$E,2,0)+VLOOKUP(F6,RESULTADOS_PARLAY!$B:$E,2,0) -> #N/A | H6: =VLOOKUP(C6,RESULTADOS_PARLAY!$B:$E,3,0) + VLOOKUP(D6,RESULTADOS_PARLAY!$B:$E,3,0) + VLOOKUP(E6,RESULTADOS_PARLAY!$B:$E,3,0) + VLOOKUP(F6,RESULTADOS_PARLAY!$B:$E,3,0) -> #N/A | I6: =VLOOKUP(C5,RESULTADOS_PARLAY!$B:$E,4,0) + VLOOKUP(D5,RESULTADOS_PARLAY!$B:$E,4,0) + VLOOKUP(E5,RESULTADOS_PARLAY!$B:$E,4,0) + VLOOKUP(F5,RESULTADOS_PARLAY!$B:$E,4,0) -> #N/A | J6: =IF(K6="", "", SMALL(K6:N6,1)&"-"&SMALL(K6:N6,2)&"-"&SMALL(K6:N6,3)&"-"&SMALL(K6:N6,4)) -> #NUM! | K6: =IFERROR(VLOOKUP(C6, PLANILLA_CONTROL!$A$4:$C$103, 2, 0), "NO EXISTE") -> NO EXISTE | L6: =IFERROR(VLOOKUP(D6, PLANILLA_CONTROL!$A$4:$C$103, 2, 0), "NO EXISTE") -> NO EXISTE | M6: =IFERROR(VLOOKUP(E6, PLANILLA_CONTROL!$A$4:$C$103, 2, 0), "NO EXISTE") -> NO EXISTE | N6: =IFERROR(VLOOKUP(F6, PLANILLA_CONTROL!$A$4:$C$103, 2, 0), "NO EXISTE") -> NO EXISTE
B7: 5 | G7: =VLOOKUP(C7,RESULTADOS_PARLAY!$B:$E,2,0)+VLOOKUP(D7,RESULTADOS_PARLAY!$B:$E,2,0)+VLOOKUP(E7,RESULTADOS_PARLAY!$B:$E,2,0)+VLOOKUP(F7,RESULTADOS_PARLAY!$B:$E,2,0) -> #N/A | H7: =VLOOKUP(C7,RESULTADOS_PARLAY!$B:$E,3,0) + VLOOKUP(D7,RESULTADOS_PARLAY!$B:$E,3,0) + VLOOKUP(E7,RESULTADOS_PARLAY!$B:$E,3,0) + VLOOKUP(F7,RESULTADOS_PARLAY!$B:$E,3,0) -> #N/A | I7: =VLOOKUP(C6,RESULTADOS_PARLAY!$B:$E,4,0) + VLOOKUP(D6,RESULTADOS_PARLAY!$B:$E,4,0) + VLOOKUP(E6,RESULTADOS_PARLAY!$B:$E,4,0) + VLOOKUP(F6,RESULTADOS_PARLAY!$B:$E,4,0) -> #N/A | J7: =IF(K7="", "", SMALL(K7:N7,1)&"-"&SMALL(K7:N7,2)&"-"&SMALL(K7:N7,3)&"-"&SMALL(K7:N7,4)) -> #NUM! | K7: =IFERROR(VLOOKUP(C7, PLANILLA_CONTROL!$A$4:$C$103, 2, 0), "NO EXISTE") -> NO EXISTE | L7: =IFERROR(VLOOKUP(D7, PLANILLA_CONTROL!$A$4:$C$103, 2, 0), "NO EXISTE") -> NO EXISTE | M7: =IFERROR(VLOOKUP(E7, PLANILLA_CONTROL!$A$4:$C$103, 2, 0), "NO EXISTE") -> NO EXISTE | N7: =IFERROR(VLOOKUP(F7, PLANILLA_CONTROL!$A$4:$C$103, 2, 0), "NO EXISTE") -> NO EXISTE
B8: 6 | G8: =VLOOKUP(C8,RESULTADOS_PARLAY!$B:$E,2,0)+VLOOKUP(D8,RESULTADOS_PARLAY!$B:$E,2,0)+VLOOKUP(E8,RESULTADOS_PARLAY!$B:$E,2,0)+VLOOKUP(F8,RESULTADOS_PARLAY!$B:$E,2,0) -> #N/A | H8: =VLOOKUP(C8,RESULTADOS_PARLAY!$B:$E,3,0) + VLOOKUP(D8,RESULTADOS_PARLAY!$B:$E,3,0) + VLOOKUP(E8,RESULTADOS_PARLAY!$B:$E,3,0) + VLOOKUP(F8,RESULTADOS_PARLAY!$B:$E,3,0) -> #N/A | I8: =VLOOKUP(C7,RESULTADOS_PARLAY!$B:$E,4,0) + VLOOKUP(D7,RESULTADOS_PARLAY!$B:$E,4,0) + VLOOKUP(E7,RESULTADOS_PARLAY!$B:$E,4,0) + VLOOKUP(F7,RESULTADOS_PARLAY!$B:$E,4,0) -> #N/A | J8: =IF(K8="", "", SMALL(K8:N8,1)&"-"&SMALL(K8:N8,2)&"-"&SMALL(K8:N8,3)&"-"&SMALL(K8:N8,4)) -> #NUM! | K8: =IFERROR(VLOOKUP(C8, PLANILLA_CONTROL!$A$4:$C$103, 2, 0), "NO EXISTE") -> NO EXISTE | L8: =IFERROR(VLOOKUP(D8, PLANILLA_CONTROL!$A$4:$C$103, 2, 0), "NO EXISTE") -> NO EXISTE | M8: =IFERROR(VLOOKUP(E8, PLANILLA_CONTROL!$A$4:$C$103, 2, 0), "NO EXISTE") -> NO EXISTE | N8: =IFERROR(VLOOKUP(F8, PLANILLA_CONTROL!$A$4:$C$103, 2, 0), "NO EXISTE") -> NO EXISTE
B9: 7 | G9: =VLOOKUP(C9,RESULTADOS_PARLAY!$B:$E,2,0)+VLOOKUP(D9,RESULTADOS_PARLAY!$B:$E,2,0)+VLOOKUP(E9,RESULTADOS_PARLAY!$B:$E,2,0)+VLOOKUP(F9,RESULTADOS_PARLAY!$B:$E,2,0) -> #N/A | H9: =VLOOKUP(C9,RESULTADOS_PARLAY!$B:$E,3,0) + VLOOKUP(D9,RESULTADOS_PARLAY!$B:$E,3,0) + VLOOKUP(E9,RESULTADOS_PARLAY!$B:$E,3,0) + VLOOKUP(F9,RESULTADOS_PARLAY!$B:$E,3,0) -> #N/A | I9: =VLOOKUP(C8,RESULTADOS_PARLAY!$B:$E,4,0) + VLOOKUP(D8,RESULTADOS_PARLAY!$B:$E,4,0) + VLOOKUP(E8,RESULTADOS_PARLAY!$B:$E,4,0) + VLOOKUP(F8,RESULTADOS_PARLAY!$B:$E,4,0) -> #N/A | J9: =IF(K9="", "", SMALL(K9:N9,1)&"-"&SMALL(K9:N9,2)&"-"&SMALL(K9:N9,3)&"-"&SMALL(K9:N9,4)) -> #NUM! | K9: =IFERROR(VLOOKUP(C9, PLANILLA_CONTROL!$A$4:$C$103, 2, 0), "NO EXISTE") -> NO EXISTE | L9: =IFERROR(VLOOKUP(D9, PLANILLA_CONTROL!$A$4:$C$103, 2, 0), "NO EXISTE") -> NO EXISTE | M9: =IFERROR(VLOOKUP(E9, PLANILLA_CONTROL!$A$4:$C$103, 2, 0), "NO EXISTE") -> NO EXISTE | N9: =IFERROR(VLOOKUP(F9, PLANILLA_CONTROL!$A$4:$C$103, 2, 0), "NO EXISTE") -> NO EXISTE
B10: 8 | G10: =VLOOKUP(C10,RESULTADOS_PARLAY!$B:$E,2,0)+VLOOKUP(D10,RESULTADOS_PARLAY!$B:$E,2,0)+VLOOKUP(E10,RESULTADOS_PARLAY!$B:$E,2,0)+VLOOKUP(F10,RESULTADOS_PARLAY!$B:$E,2,0) -> #N/A | H10: =VLOOKUP(C10,RESULTADOS_PARLAY!$B:$E,3,0) + VLOOKUP(D10,RESULTADOS_PARLAY!$B:$E,3,0) + VLOOKUP(E10,RESULTADOS_PARLAY!$B:$E,3,0) + VLOOKUP(F10,RESULTADOS_PARLAY!$B:$E,3,0) -> #N/A | I10: =VLOOKUP(C9,RESULTADOS_PARLAY!$B:$E,4,0) + VLOOKUP(D9,RESULTADOS_PARLAY!$B:$E,4,0) + VLOOKUP(E9,RESULTADOS_PARLAY!$B:$E,4,0) + VLOOKUP(F9,RESULTADOS_PARLAY!$B:$E,4,0) -> #N/A | J10: =IF(K10="", "", SMALL(K10:N10,1)&"-"&SMALL(K10:N10,2)&"-"&SMALL(K10:N10,3)&"-"&SMALL(K10:N10,4)) -> #NUM! | K10: =IFERROR(VLOOKUP(C10, PLANILLA_CONTROL!$A$4:$C$103, 2, 0), "NO EXISTE") -> NO EXISTE | L10: =IFERROR(VLOOKUP(D10, PLANILLA_CONTROL!$A$4:$C$103, 2, 0), "NO EXISTE") -> NO EXISTE | M10: =IFERROR(VLOOKUP(E10, PLANILLA_CONTROL!$A$4:$C$103, 2, 0), "NO EXISTE") -> NO EXISTE | N10: =IFERROR(VLOOKUP(F10, PLANILLA_CONTROL!$A$4:$C$103, 2, 0), "NO EXISTE") -> NO EXISTE
B11: 9 | G11: =VLOOKUP(C11,RESULTADOS_PARLAY!$B:$E,2,0)+VLOOKUP(D11,RESULTADOS_PARLAY!$B:$E,2,0)+VLOOKUP(E11,RESULTADOS_PARLAY!$B:$E,2,0)+VLOOKUP(F11,RESULTADOS_PARLAY!$B:$E,2,0) -> #N/A | H11: =VLOOKUP(C11,RESULTADOS_PARLAY!$B:$E,3,0) + VLOOKUP(D11,RESULTADOS_PARLAY!$B:$E,3,0) + VLOOKUP(E11,RESULTADOS_PARLAY!$B:$E,3,0) + VLOOKUP(F11,RESULTADOS_PARLAY!$B:$E,3,0) -> #N/A | I11: =VLOOKUP(C10,RESULTADOS_PARLAY!$B:$E,4,0) + VLOOKUP(D10,RESULTADOS_PARLAY!$B:$E,4,0) + VLOOKUP(E10,RESULTADOS_PARLAY!$B:$E,4,0) + VLOOKUP(F10,RESULTADOS_PARLAY!$B:$E,4,0) -> #N/A | J11: =IF(K11="", "", SMALL(K11:N11,1)&"-"&SMALL(K11:N11,2)&"-"&SMALL(K11:N11,3)&"-"&SMALL(K11:N11,4)) -> #NUM! | K11: =IFERROR(VLOOKUP(C11, PLANILLA_CONTROL!$A$4:$C$103, 2, 0), "NO EXISTE") -> NO EXISTE | L11: =IFERROR(VLOOKUP(D11, PLANILLA_CONTROL!$A$4:$C$103, 2, 0), "NO EXISTE") -> NO EXISTE | M11: =IFERROR(VLOOKUP(E11, PLANILLA_CONTROL!$A$4:$C$103, 2, 0), "NO EXISTE") -> NO EXISTE | N11: =IFERROR(VLOOKUP(F11, PLANILLA_CONTROL!$A$4:$C$103, 2, 0), "NO EXISTE") -> NO EXISTE
B12: 10 | G12: =VLOOKUP(C12,RESULTADOS_PARLAY!$B:$E,2,0)+VLOOKUP(D12,RESULTADOS_PARLAY!$B:$E,2,0)+VLOOKUP(E12,RESULTADOS_PARLAY!$B:$E,2,0)+VLOOKUP(F12,RESULTADOS_PARLAY!$B:$E,2,0) -> #N/A | H12: =VLOOKUP(C12,RESULTADOS_PARLAY!$B:$E,3,0) + VLOOKUP(D12,RESULTADOS_PARLAY!$B:$E,3,0) + VLOOKUP(E12,RESULTADOS_PARLAY!$B:$E,3,0) + VLOOKUP(F12,RESULTADOS_PARLAY!$B:$E,3,0) -> #N/A | I12: =VLOOKUP(C11,RESULTADOS_PARLAY!$B:$E,4,0) + VLOOKUP(D11,RESULTADOS_PARLAY!$B:$E,4,0) + VLOOKUP(E11,RESULTADOS_PARLAY!$B:$E,4,0) + VLOOKUP(F11,RESULTADOS_PARLAY!$B:$E,4,0) -> #N/A | J12: =IF(K12="", "", SMALL(K12:N12,1)&"-"&SMALL(K12:N12,2)&"-"&SMALL(K12:N12,3)&"-"&SMALL(K12:N12,4)) -> #NUM! | K12: =IFERROR(VLOOKUP(C12, PLANILLA_CONTROL!$A$4:$C$103, 2, 0), "NO EXISTE") -> NO EXISTE | L12: =IFERROR(VLOOKUP(D12, PLANILLA_CONTROL!$A$4:$C$103, 2, 0), "NO EXISTE") -> NO EXISTE | M12: =IFERROR(VLOOKUP(E12, PLANILLA_CONTROL!$A$4:$C$103, 2, 0), "NO EXISTE") -> NO EXISTE | N12: =IFERROR(VLOOKUP(F12, PLANILLA_CONTROL!$A$4:$C$103, 2, 0), "NO EXISTE") -> NO EXISTE
B13: 11 | G13: =VLOOKUP(C13,RESULTADOS_PARLAY!$B:$E,2,0)+VLOOKUP(D13,RESULTADOS_PARLAY!$B:$E,2,0)+VLOOKUP(E13,RESULTADOS_PARLAY!$B:$E,2,0)+VLOOKUP(F13,RESULTADOS_PARLAY!$B:$E,2,0) -> #N/A | H13: =VLOOKUP(C13,RESULTADOS_PARLAY!$B:$E,3,0) + VLOOKUP(D13,RESULTADOS_PARLAY!$B:$E,3,0) + VLOOKUP(E13,RESULTADOS_PARLAY!$B:$E,3,0) + VLOOKUP(F13,RESULTADOS_PARLAY!$B:$E,3,0) -> #N/A | I13: =VLOOKUP(C12,RESULTADOS_PARLAY!$B:$E,4,0) + VLOOKUP(D12,RESULTADOS_PARLAY!$B:$E,4,0) + VLOOKUP(E12,RESULTADOS_PARLAY!$B:$E,4,0) + VLOOKUP(F12,RESULTADOS_PARLAY!$B:$E,4,0) -> #N/A | J13: =IF(K13="", "", SMALL(K13:N13,1)&"-"&SMALL(K13:N13,2)&"-"&SMALL(K13:N13,3)&"-"&SMALL(K13:N13,4)) -> #NUM! | K13: =IFERROR(VLOOKUP(C13, PLANILLA_CONTROL!$A$4:$C$103, 2, 0), "NO EXISTE") -> NO EXISTE | L13: =IFERROR(VLOOKUP(D13, PLANILLA_CONTROL!$A$4:$C$103, 2, 0), "NO EXISTE") -> NO EXISTE | M13: =IFERROR(VLOOKUP(E13, PLANILLA_CONTROL!$A$4:$C$103, 2, 0), "NO EXISTE") -> NO EXISTE | N13: =IFERROR(VLOOKUP(F13, PLANILLA_CONTROL!$A$4:$C$103, 2, 0), "NO EXISTE") -> NO EXISTE
B14: 12 | G14: =VLOOKUP(C14,RESULTADOS_PARLAY!$B:$E,2,0)+VLOOKUP(D14,RESULTADOS_PARLAY!$B:$E,2,0)+VLOOKUP(E14,RESULTADOS_PARLAY!$B:$E,2,0)+VLOOKUP(F14,RESULTADOS_PARLAY!$B:$E,2,0) -> #N/A | H14: =VLOOKUP(C14,RESULTADOS_PARLAY!$B:$E,3,0) + VLOOKUP(D14,RESULTADOS_PARLAY!$B:$E,3,0) + VLOOKUP(E14,RESULTADOS_PARLAY!$B:$E,3,0) + VLOOKUP(F14,RESULTADOS_PARLAY!$B:$E,3,0) -> #N/A | I14: =VLOOKUP(C13,RESULTADOS_PARLAY!$B:$E,4,0) + VLOOKUP(D13,RESULTADOS_PARLAY!$B:$E,4,0) + VLOOKUP(E13,RESULTADOS_PARLAY!$B:$E,4,0) + VLOOKUP(F13,RESULTADOS_PARLAY!$B:$E,4,0) -> #N/A | J14: =IF(K14="", "", SMALL(K14:N14,1)&"-"&SMALL(K14:N14,2)&"-"&SMALL(K14:N14,3)&"-"&SMALL(K14:N14,4)) -> #NUM! | K14: =IFERROR(VLOOKUP(C14, PLANILLA_CONTROL!$A$4:$C$103, 2, 0), "NO EXISTE") -> NO EXISTE | L14: =IFERROR(VLOOKUP(D14, PLANILLA_CONTROL!$A$4:$C$103, 2, 0), "NO EXISTE") -> NO EXISTE | M14: =IFERROR(VLOOKUP(E14, PLANILLA_CONTROL!$A$4:$C$103, 2, 0), "NO EXISTE") -> NO EXISTE | N14: =IFERROR(VLOOKUP(F14, PLANILLA_CONTROL!$A$4:$C$103, 2, 0), "NO EXISTE") -> NO EXISTE
B15: 13 | G15: =VLOOKUP(C15,RESULTADOS_PARLAY!$B:$E,2,0)+VLOOKUP(D15,RESULTADOS_PARLAY!$B:$E,2,0)+VLOOKUP(E15,RESULTADOS_PARLAY!$B:$E,2,0)+VLOOKUP(F15,RESULTADOS_PARLAY!$B:$E,2,0) -> #N/A | H15: =VLOOKUP(C15,RESULTADOS_PARLAY!$B:$E,3,0) + VLOOKUP(D15,RESULTADOS_PARLAY!$B:$E,3,0) + VLOOKUP(E15,RESULTADOS_PARLAY!$B:$E,3,0) + VLOOKUP(F15,RESULTADOS_PARLAY!$B:$E,3,0) -> #N/A | I15: =VLOOKUP(C14,RESULTADOS_PARLAY!$B:$E,4,0) + VLOOKUP(D14,RESULTADOS_PARLAY!$B:$E,4,0) + VLOOKUP(E14,RESULTADOS_PARLAY!$B:$E,4,0) + VLOOKUP(F14,RESULTADOS_PARLAY!$B:$E,4,0) -> #N/A | J15: =IF(K15="", "", SMALL(K15:N15,1)&"-"&SMALL(K15:N15,2)&"-"&SMALL(K15:N15,3)&"-"&SMALL(K15:N15,4)) -> #NUM! | K15: =IFERROR(VLOOKUP(C15, PLANILLA_CONTROL!$A$4:$C$103, 2, 0), "NO EXISTE") -> NO EXISTE | L15: =IFERROR(VLOOKUP(D15, PLANILLA_CONTROL!$A$4:$C$103, 2, 0), "NO EXISTE") -> NO EXISTE | M15: =IFERROR(VLOOKUP(E15, PLANILLA_CONTROL!$A$4:$C$103, 2, 0), "NO EXISTE") -> NO EXISTE | N15: =IFERROR(VLOOKUP(F15, PLANILLA_CONTROL!$A$4:$C$103, 2, 0), "NO EXISTE") -> NO EXISTE
B16: 14 | G16: =VLOOKUP(C16,RESULTADOS_PARLAY!$B:$E,2,0)+VLOOKUP(D16,RESULTADOS_PARLAY!$B:$E,2,0)+VLOOKUP(E16,RESULTADOS_PARLAY!$B:$E,2,0)+VLOOKUP(F16,RESULTADOS_PARLAY!$B:$E,2,0) -> #N/A | H16: =VLOOKUP(C16,RESULTADOS_PARLAY!$B:$E,3,0) + VLOOKUP(D16,RESULTADOS_PARLAY!$B:$E,3,0) + VLOOKUP(E16,RESULTADOS_PARLAY!$B:$E,3,0) + VLOOKUP(F16,RESULTADOS_PARLAY!$B:$E,3,0) -> #N/A | I16: =VLOOKUP(C15,RESULTADOS_PARLAY!$B:$E,4,0) + VLOOKUP(D15,RESULTADOS_PARLAY!$B:$E,4,0) + VLOOKUP(E15,RESULTADOS_PARLAY!$B:$E,4,0) + VLOOKUP(F15,RESULTADOS_PARLAY!$B:$E,4,0) -> #N/A | J16: =IF(K16="", "", SMALL(K16:N16,1)&"-"&SMALL(K16:N16,2)&"-"&SMALL(K16:N16,3)&"-"&SMALL(K16:N16,4)) -> #NUM! | K16: =IFERROR(VLOOKUP(C16, PLANILLA_CONTROL!$A$4:$C$103, 2, 0), "NO EXISTE") -> NO EXISTE | L16: =IFERROR(VLOOKUP(D16, PLANILLA_CONTROL!$A$4:$C$103, 2, 0), "NO EXISTE") -> NO EXISTE | M16: =IFERROR(VLOOKUP(E16, PLANILLA_CONTROL!$A$4:$C$103, 2, 0), "NO EXISTE") -> NO EXISTE | N16: =IFERROR(VLOOKUP(F16, PLANILLA_CONTROL!$A$4:$C$103, 2, 0), "NO EXISTE") -> NO EXISTE
B17: 15 | G17: =VLOOKUP(C17,RESULTADOS_PARLAY!$B:$E,2,0)+VLOOKUP(D17,RESULTADOS_PARLAY!$B:$E,2,0)+VLOOKUP(E17,RESULTADOS_PARLAY!$B:$E,2,0)+VLOOKUP(F17,RESULTADOS_PARLAY!$B:$E,2,0) -> #N/A | H17: =VLOOKUP(C17,RESULTADOS_PARLAY!$B:$E,3,0) + VLOOKUP(D17,RESULTADOS_PARLAY!$B:$E,3,0) + VLOOKUP(E17,RESULTADOS_PARLAY!$B:$E,3,0) + VLOOKUP(F17,RESULTADOS_PARLAY!$B:$E,3,0) -> #N/A | I17: =VLOOKUP(C16,RESULTADOS_PARLAY!$B:$E,4,0) + VLOOKUP(D16,RESULTADOS_PARLAY!$B:$E,4,0) + VLOOKUP(E16,RESULTADOS_PARLAY!$B:$E,4,0) + VLOOKUP(F16,RESULTADOS_PARLAY!$B:$E,4,0) -> #N/A | J17: =IF(K17="", "", SMALL(K17:N17,1)&"-"&SMALL(K17:N17,2)&"-"&SMALL(K17:N17,3)&"-"&SMALL(K17:N17,4)) -> #NUM! | K17: =IFERROR(VLOOKUP(C17, PLANILLA_CONTROL!$A$4:$C$103, 2, 0), "NO EXISTE") -> NO EXISTE | L17: =IFERROR(VLOOKUP(D17, PLANILLA_CONTROL!$A$4:$C$103, 2, 0), "NO EXISTE") -> NO EXISTE | M17: =IFERROR(VLOOKUP(E17, PLANILLA_CONTROL!$A$4:$C$103, 2, 0), "NO EXISTE") -> NO EXISTE | N17: =IFERROR(VLOOKUP(F17, PLANILLA_CONTROL!$A$4:$C$103, 2, 0), "NO EXISTE") -> NO EXISTE
... B43: 41 | G43: =VLOOKUP(C43,RESULTADOS_PARLAY!$B:$E,2,0)+VLOOKUP(D43,RESULTADOS_PARLAY!$B:$E,2,0)+VLOOKUP(E43,RESULTADOS_PARLAY!$B:$E,2,0)+VLOOKUP(F43,RESULTADOS_PARLAY!$B:$E,2,0) -> #N/A | H43: =VLOOKUP(C43,RESULTADOS_PARLAY!$B:$E,3,0) + VLOOKUP(D43,RESULTADOS_PARLAY!$B:$E,3,0) + VLOOKUP(E43,RESULTADOS_PARLAY!$B:$E,3,0) + VLOOKUP(F43,RESULTADOS_PARLAY!$B:$E,3,0) -> #N/A | I43: =VLOOKUP(C42,RESULTADOS_PARLAY!$B:$E,4,0) + VLOOKUP(D42,RESULTADOS_PARLAY!$B:$E,4,0) + VLOOKUP(E42,RESULTADOS_PARLAY!$B:$E,4,0) + VLOOKUP(F42,RESULTADOS_PARLAY!$B:$E,4,0) -> #N/A | J43: =IF(K43="", "", SMALL(K43:N43,1)&"-"&SMALL(K43:N43,2)&"-"&SMALL(K43:N43,3)&"-"&SMALL(K43:N43,4)) -> #NUM! | K43: =IFERROR(VLOOKUP(C43, PLANILLA_CONTROL!$A$4:$C$103, 2, 0), "NO EXISTE") -> NO EXISTE | L43: =IFERROR(VLOOKUP(D43, PLANILLA_CONTROL!$A$4:$C$103, 2, 0), "NO EXISTE") -> NO EXISTE | M43: =IFERROR(VLOOKUP(E43, PLANILLA_CONTROL!$A$4:$C$103, 2, 0), "NO EXISTE") -> NO EXISTE | N43: =IFERROR(VLOOKUP(F43, PLANILLA_CONTROL!$A$4:$C$103, 2, 0), "NO EXISTE") -> NO EXISTE
B44: 42
B45: 43
B46: 44
B47: 45
B48: 46
B49: 47
B50: 48
B51: 49
B52: 50
B53: 51
B54: 52
B55: 53
... B1157: 1155

Sheet RESULTADOS_PARLAY
A1: RESULTADOS PARCIALES Y DEFINITIVOS DEL CAMPEONATO
A2: RESULTADOS DEFINITIVOS
A3: ID | B3: ATLETA | C3: CE | D3: CN | E3: SP
A4: 1 | B4: Adonis Martin Perez Aguilar | C4: 3 | D4: 1 | E4: 0
A5: 2 | B5: Alejandro Jose Rodriguez Tasca | C5: 7 | D5: 1 | E5: 1
A6: 3 | B6: Angel Jose Guillen Ochoa | C6: 4 | D6: 2 | E6: 0
A7: 4 | B7: Angel Manuel Vincallia Ibarra | C7: 7 | D7: 2 | E7: 1
A8: 5 | B8: Angelo Antonio Mendoza Delgado | C8: 5 | D8: 2 | E8: 0
A9: 6 | B9: Antony Jose Claro Barrios | C9: 5 | D9: 1 | E9: 1
A10: 7 | B10: Aquiles Armando Fracassi Moreno | C10: 8 | D10: 1 | E10: 0
A11: 8 | B11: Arnaldo Andres Tabares Bohórquez | C11: 2 | D11: 5 | E11: 0
A12: 9 | B12: Balmore Jose Mendoza Lopez | C12: -1 | D12: 0 | E12: 0
A13: 10 | B13: Baudilio Arturo Lopez Benitez | C13: 5 | D13: 4 | E13: 3
A14: 11 | B14: Beiker Alberto Mejias Theresa | C14: 5 | D14: 0 | E14: 1
A15: 12 | B15: Carlos Daniel Ramirez Vivas | C15: 8 | D15: 0 | E15: 2
... A111: 108 | B111: Yorman Alejandro Arcila Domínguez | C111: 0 | D111: 2 | E111: 2
